/*REPRESENTATIVES-*/
INSERT INTO REPRESENTATIVES(ID,FNAME,MINIT,LNAME,SALESLEVEL,SEX,PHONE,STARTDATE) VALUES
('101','BRUCE','E','MARS','2','M','4690254789','28-MAY-2012');

INSERT INTO REPRESENTATIVES(ID,FNAME,MINIT,LNAME,SALESLEVEL,SEX,PHONE,STARTDATE) VALUES
('102','KOBE','M','JAMES','1','M','2147570254','10-FEB-2011');

INSERT INTO REPRESENTATIVES(ID,FNAME,MINIT,LNAME,SALESLEVEL,SEX,PHONE,STARTDATE) VALUES
('103','NEYMAR','Y','MESSI','3','M','2140123202','01-MAR-2014');

INSERT INTO REPRESENTATIVES(ID,FNAME,MINIT,LNAME,SALESLEVEL,SEX,PHONE,STARTDATE) VALUES
('104','XIAO','F','LI','1','M','4695287465','11-MAR-2010');

INSERT INTO REPRESENTATIVES(ID,FNAME,MINIT,LNAME,SALESLEVEL,SEX,PHONE,STARTDATE) VALUES
('105','WEI','E','MA','3','F','2145256258','30-JUN-2010');

INSERT INTO REPRESENTATIVES(ID,FNAME,MINIT,LNAME,SALESLEVEL,SEX,PHONE,STARTDATE) VALUES
('106','NIU','B','BI','3','M','5452143025','17-MAY-1987');

/*BRANCH-*/
INSERT INTO BRANCH(BNUM,ADDRESS,MGRID) VALUES
('811','HIGHLAND PARK','101');

INSERT INTO BRANCH(BNUM,ADDRESS,MGRID) VALUES
('812','GARLAND PEPPER','103');

INSERT INTO BRANCH(BNUM,ADDRESS,MGRID) VALUES
('813','PLANO CHINATOWN','105');

/*WORKS_ON*/
INSERT INTO WORKS_ON(ID,BNO) VALUES
('101','811');

INSERT INTO WORKS_ON(ID,BNO) VALUES
('102','812');

INSERT INTO WORKS_ON(ID,BNO) VALUES
('105','813');

/*SERVICE-*/
INSERT INTO SERVICE(SNUM,SERVICENAME,PRICE) VALUES
('009','OIL CHANGE','25');

INSERT INTO SERVICE(SNUM,SERVICENAME,PRICE) VALUES
('008','TIRE','100');

INSERT INTO SERVICE(SNUM,SERVICENAME,PRICE) VALUES
('004','BRAKE','215');

/*PROVIDES-*/
INSERT INTO PROVIDES(BNO,SERVICENAME) VALUES
('811','HORN');

INSERT INTO PROVIDES(BNO,SERVICENAME) VALUES
('812','TIRE');

INSERT INTO PROVIDES(BNO,SERVICENAME) VALUES
('813','BRAKE');

/*MAINTAINS-*/
INSERT INTO MAINTAINS VALUES
('5S54FS87ER1235SF5','009','02-MAY-2015');

INSERT INTO MAINTAINS VALUES
('456GDRG3545WT1S2V','008','02-FEB-2015');


INSERT INTO MAINTAINS VALUES
('456GDRG3545WT1S2V','004','02-MAR-2015');

/*SUPPLIER-*/
INSERT INTO SUPPLIER(SSN,FNAME,MINIT,LNAME,SEX,PHONE,ADDRESS) VALUES
('120589245','BILL','A','GATES','M','2147890124','NORTH PLANO');

INSERT INTO SUPPLIER(SSN,FNAME,MINIT,LNAME,SEX,PHONE,ADDRESS) VALUES
('101203658','LARRY','B','NIU','M','7852145262','ALLEN');

INSERT INTO SUPPLIER(SSN,FNAME,MINIT,LNAME,SEX,PHONE,ADDRESS) VALUES
('802620417','FAN','R','WEI','M','4652365874','CINCINNATI');


/*CUSTOMER-*/
INSERT INTO CUSTOMER(SSN,FNAME,MINIT,LNAME,SEX,PHONE,ADDRESS) VALUES
('521654001','RONALDO','N','CHEN','M','8838821000','HIGHLAND PARK');

INSERT INTO CUSTOMER(SSN,FNAME,MINIT,LNAME,SEX,PHONE,ADDRESS) VALUES
('431025781','MARY','A','LAO','F','2140214598','NORTH RICHARSON');

INSERT INTO CUSTOMER(SSN,FNAME,MINIT,LNAME,SEX,PHONE,ADDRESS) VALUES
('214000987','DOKE','E','DAVID','M','2130257841','PLANO');

/*VEHICLE-*/
INSERT INTO VEHICLE(VIN,MODEL,MAKE,YEAR,MILEAGE,BNUM,SUPSSN,CUSSSN,MSRP) VALUES
('5S54FS87ER1235SF5','A7','AUDI','2011','13000','811','120589245','521654001','20000');

INSERT INTO VEHICLE(VIN,MODEL,MAKE,YEAR,MILEAGE,BNUM,SUPSSN,CUSSSN,MSRP) VALUES
('456GDRG3545WT1S2V','LS','CAMARY','2015','20000','812','101203658','214000987','15000');

INSERT INTO VEHICLE(VIN,MODEL,MAKE,YEAR,MILEAGE,BNUM,SUPSSN,CUSSSN,MSRP) VALUES
('S55ST48S5G65SA32S','I325','BMW','2013','30000','813','802620417','431025781','29000');

/*BUYS-*/
INSERT INTO BUYS VALUES
('101','5S54FS87ER1235SF5','521654001','30000','30-AUG-2013');

INSERT INTO BUYS VALUES
('102','456GDRG3545WT1S2V','431025781','20005','01-FEB-2015');

INSERT INTO BUYS VALUES
('103','S55ST48S5G65SA32S','214000987','15000','13-MAR-2014');

/*#SUPPLIES-*/
INSERT INTO SUPPLIES VALUES
('101','5S54FS87ER1235SF5','120589245','13000','05-FEB-2010');

INSERT INTO SUPPLIES VALUES
('102','S55ST48S5G65SA32S','802620417','20000','02-MAR-2011');

INSERT INTO SUPPLIES VALUES
('103','456GDRG3545WT1S2V','101203658','16000','19-OCT-2013');
